{"cameraMode":{"drawMode":0,"name":"Shaded","section":"Shading Mode"},"sceneLighting":true,"audioPlay":false,"sceneViewState":{"showFog":true,"showMaterialUpdate":false,"showSkybox":false,"showFlares":true,"showImageEffects":true,"showParticleSystems":true},"in2DMode":false,"pivot":{"x":29.556900024414064,"y":-49.36009979248047,"z":-15.612100601196289},"rotation":{"x":-0.24281080067157746,"y":-0.03200562298297882,"z":0.008015654049813748,"w":-0.9695124626159668},"size":171.57177734375,"orthographic":false}