{"cameraMode":{"drawMode":0,"name":"Shaded","section":"Shading Mode"},"sceneLighting":false,"audioPlay":false,"sceneViewState":{"showFog":true,"showMaterialUpdate":false,"showSkybox":false,"showFlares":true,"showImageEffects":true,"showParticleSystems":true},"in2DMode":false,"pivot":{"x":-2.384185791015625e-7,"y":-5.000241279602051,"z":-0.0000011920928955078126},"rotation":{"x":0.11349907517433167,"y":0.4258766174316406,"z":-0.053946346044540408,"w":0.8960116505622864},"size":23.680763244628908,"orthographic":false}