{"cameraMode":{"drawMode":0,"name":"Shaded","section":"Shading Mode"},"sceneLighting":false,"audioPlay":false,"sceneViewState":{"showFog":true,"showMaterialUpdate":false,"showSkybox":false,"showFlares":true,"showImageEffects":true,"showParticleSystems":true},"in2DMode":false,"pivot":{"x":-53.6602897644043,"y":23.027530670166017,"z":-65.19413757324219},"rotation":{"x":-0.0755697563290596,"y":-0.7203897833824158,"z":0.07949177920818329,"w":-0.6848422288894653},"size":2.000513792037964,"orthographic":false}