{"cameraMode":{"drawMode":0,"name":"Shaded","section":"Shading Mode"},"sceneLighting":false,"audioPlay":false,"sceneViewState":{"showFog":true,"showMaterialUpdate":false,"showSkybox":false,"showFlares":true,"showImageEffects":true,"showParticleSystems":true},"in2DMode":false,"pivot":{"x":47.95587158203125,"y":-156.80409240722657,"z":28.39019012451172},"rotation":{"x":-0.1616014689207077,"y":0.031565167009830478,"z":-0.005172090604901314,"w":-0.9863376021385193},"size":3.8030357360839845,"orthographic":false}