{"cameraMode":{"drawMode":0,"name":"Shaded","section":"Shading Mode"},"sceneLighting":false,"audioPlay":false,"sceneViewState":{"showFog":true,"showMaterialUpdate":false,"showSkybox":false,"showFlares":true,"showImageEffects":true,"showParticleSystems":true},"in2DMode":false,"pivot":{"x":-0.0000152587890625,"y":-100.00479125976563,"z":0.00000762939453125},"rotation":{"x":0.02698211930692196,"y":0.9693657755851746,"z":-0.12457334250211716,"w":0.2099606990814209},"size":473.6152648925781,"orthographic":false}