{"cameraMode":{"drawMode":0,"name":"Shaded","section":"Shading Mode"},"sceneLighting":false,"audioPlay":false,"sceneViewState":{"showFog":true,"showMaterialUpdate":false,"showSkybox":false,"showFlares":true,"showImageEffects":true,"showParticleSystems":true},"in2DMode":false,"pivot":{"x":-1.2661504745483399,"y":3.190796375274658,"z":0.8745841979980469},"rotation":{"x":0.07944425940513611,"y":0.901719331741333,"z":-0.18795691430568696,"w":0.3811339735984802},"size":14.071745872497559,"orthographic":false}