{"cameraMode":{"drawMode":0,"name":"Shaded","section":"Shading Mode"},"sceneLighting":false,"audioPlay":false,"sceneViewState":{"showFog":true,"showMaterialUpdate":false,"showSkybox":false,"showFlares":true,"showImageEffects":true,"showParticleSystems":true},"in2DMode":false,"pivot":{"x":0.01698470115661621,"y":4.182516574859619,"z":-0.03505748510360718},"rotation":{"x":0.3194204568862915,"y":0.08230257034301758,"z":-0.027860021218657495,"w":0.943621039390564},"size":18.25847053527832,"orthographic":false}