{"cameraMode":{"drawMode":0,"name":"Shaded","section":"Shading Mode"},"sceneLighting":true,"audioPlay":false,"sceneViewState":{"showFog":true,"showMaterialUpdate":false,"showSkybox":false,"showFlares":true,"showImageEffects":true,"showParticleSystems":true},"in2DMode":false,"pivot":{"x":61.49134063720703,"y":-145.11000061035157,"z":48.74053955078125},"rotation":{"x":-0.050822481513023379,"y":-0.9427549242973328,"z":0.16950708627700807,"w":-0.2826617956161499},"size":28.001428604125978,"orthographic":false}