{"cameraMode":{"drawMode":0,"name":"Shaded","section":"Shading Mode"},"sceneLighting":true,"audioPlay":false,"sceneViewState":{"showFog":true,"showMaterialUpdate":false,"showSkybox":false,"showFlares":true,"showImageEffects":true,"showParticleSystems":true},"in2DMode":false,"pivot":{"x":-22.400426864624025,"y":-201.36929321289063,"z":-199.3843536376953},"rotation":{"x":0.03696644306182861,"y":-0.569251537322998,"z":-0.025633372366428376,"w":-0.8209318518638611},"size":9.064854621887207,"orthographic":false}