{"cameraMode":{"drawMode":0,"name":"Shaded","section":"Shading Mode"},"sceneLighting":true,"audioPlay":false,"sceneViewState":{"showFog":true,"showMaterialUpdate":false,"showSkybox":false,"showFlares":true,"showImageEffects":true,"showParticleSystems":true},"in2DMode":false,"pivot":{"x":61.49134063720703,"y":-145.11000061035157,"z":48.74053955078125},"rotation":{"x":-0.1616014540195465,"y":0.031565167009830478,"z":-0.005172090604901314,"w":-0.9863376021385193},"size":28.001428604125978,"orthographic":false}